{"kappa": [[1351339343872.0, 155342356480.0, 26899826688.0, Infinity], [6253831520256.0, 173868826624.0, 151561486336.0, Infinity], [81069067993088.0, 117081686016.0, 98046754816.0, Infinity], [293205371256832.0, 98169282560.0, 708873355264.0, Infinity], [2934988865536.0, 75297816576.0, 361173843968.0, Infinity], [47655057096704.0, 72392589312.0, 656598302720.0, Infinity], [13012584890368.0, 89622388736.0, 106277494784.0, Infinity], [2388427800576.0, 209403412480.0, 72954732544.0, Infinity], [16884856520704.0, 5879679680512.0, 80699940864.0, Infinity], [14801512169472.0, 128548544512.0, 52814032896.0, Infinity]], "energy": [[100.0, 3.453829288482666, 1.456322431564331, 0.49018019437789917], [100.0, 27.61800765991211, 167.9947509765625, 847.07080078125], [100.0, 48.506690979003906, 390.9453125, 2427.630859375], [100.0, 62.15966796875, 594.6290283203125, 4189.822265625], [100.0, 71.46817016601562, 745.576904296875, 5817.8330078125], [100.0, 82.1658935546875, 849.480224609375, 6841.2724609375], [100.0, 96.23274230957031, 976.99267578125, 7976.91796875], [100.0, 107.04600524902344, 1090.513916015625, 9110.306640625], [100.0, 112.89460754394531, 1159.581787109375, 9871.693359375], [100.0, 115.79920196533203, 1197.55419921875, 10328.19140625]]}